﻿<DocInternals>
  <AlwaysLoose>
    <bool>false</bool>
    <bool>false</bool>
    <bool>false</bool>
    <bool>false</bool>
    <bool>false</bool>
    <bool>false</bool>
    <bool>false</bool>
    <bool>false</bool>
    <bool>false</bool>
    <bool>false</bool>
    <bool>false</bool>
    <bool>false</bool>
    <bool>false</bool>
    <bool>false</bool>
    <bool>false</bool>
    <bool>false</bool>
    <bool>false</bool>
    <bool>false</bool>
    <bool>false</bool>
    <bool>false</bool>
    <bool>false</bool>
    <bool>false</bool>
    <bool>false</bool>
    <bool>false</bool>
    <bool>false</bool>
    <bool>false</bool>
    <bool>false</bool>
    <bool>false</bool>
    <bool>false</bool>
    <bool>false</bool>
    <bool>false</bool>
  </AlwaysLoose>
  <FieldSrcTables>
    <String>6</String>
    <String>1</String>
    <String>user_external_urls</String>
    <String>7</String>
    <String>4</String>
    <String>user_external_urls</String>
    <String>user_followers</String>
    <String>user_images</String>
    <String>user_root</String>
    <String>8</String>
    <String>1</String>
    <String>user_followers</String>
    <String>9</String>
    <String>1</String>
    <String>user_followers</String>
    <String>10</String>
    <String>1</String>
    <String>user_images</String>
    <String>11</String>
    <String>1</String>
    <String>user_images</String>
    <String>12</String>
    <String>1</String>
    <String>user_images</String>
    <String>13</String>
    <String>1</String>
    <String>user_root</String>
    <String>14</String>
    <String>1</String>
    <String>user_root</String>
    <String>15</String>
    <String>1</String>
    <String>user_root</String>
    <String>16</String>
    <String>1</String>
    <String>user_root</String>
    <String>17</String>
    <String>2</String>
    <String>pl_external_urls</String>
    <String>external_urls</String>
    <String>18</String>
    <String>1</String>
    <String>pl_images</String>
    <String>19</String>
    <String>1</String>
    <String>pl_images</String>
    <String>20</String>
    <String>1</String>
    <String>pl_images</String>
    <String>21</String>
    <String>1</String>
    <String>pl_external_urls_u0</String>
    <String>22</String>
    <String>1</String>
    <String>pl_owner</String>
    <String>23</String>
    <String>1</String>
    <String>pl_owner</String>
    <String>24</String>
    <String>1</String>
    <String>pl_owner</String>
    <String>25</String>
    <String>2</String>
    <String>pl_external_urls_u0</String>
    <String>pl_owner</String>
    <String>26</String>
    <String>1</String>
    <String>pl_tracks</String>
    <String>27</String>
    <String>1</String>
    <String>pl_items</String>
    <String>28</String>
    <String>1</String>
    <String>pl_items</String>
    <String>29</String>
    <String>1</String>
    <String>pl_items</String>
    <String>30</String>
    <String>1</String>
    <String>pl_items</String>
    <String>31</String>
    <String>1</String>
    <String>pl_items</String>
    <String>32</String>
    <String>1</String>
    <String>pl_items</String>
    <String>33</String>
    <String>1</String>
    <String>pl_items</String>
    <String>34</String>
    <String>1</String>
    <String>pl_items</String>
    <String>35</String>
    <String>1</String>
    <String>pl_root</String>
    <String>36</String>
    <String>1</String>
    <String>pl_root</String>
    <String>37</String>
    <String>1</String>
    <String>pl_root</String>
    <String>38</String>
    <String>1</String>
    <String>pl_root</String>
    <String>39</String>
    <String>1</String>
    <String>pl_root</String>
    <String>40</String>
    <String>1</String>
    <String>pl_root</String>
    <String>41</String>
    <String>5</String>
    <String>pl_external_urls</String>
    <String>pl_images</String>
    <String>pl_owner</String>
    <String>pl_tracks</String>
    <String>pl_items</String>
    <String>42</String>
    <String>1</String>
    <String>pl_owner</String>
    <String>43</String>
    <String>1</String>
    <String>pl_tracks</String>
    <String>44</String>
    <String>2</String>
    <String>pl_items</String>
    <String>root</String>
    <String>45</String>
    <String>1</String>
    <String>pl_items</String>
    <String>46</String>
    <String>1</String>
    <String>pl_items</String>
    <String>47</String>
    <String>1</String>
    <String>pl_items</String>
    <String>48</String>
    <String>1</String>
    <String>pl_root</String>
    <String>49</String>
    <String>1</String>
    <String>external_urls</String>
    <String>50</String>
    <String>1</String>
    <String>available_markets</String>
    <String>51</String>
    <String>1</String>
    <String>available_markets_u0</String>
    <String>52</String>
    <String>1</String>
    <String>external_ids</String>
    <String>53</String>
    <String>1</String>
    <String>external_urls_u3</String>
    <String>54</String>
    <String>1</String>
    <String>root</String>
    <String>55</String>
    <String>1</String>
    <String>track_added_by</String>
    <String>56</String>
    <String>1</String>
    <String>track_added_by</String>
    <String>57</String>
    <String>1</String>
    <String>track_added_by</String>
    <String>58</String>
    <String>1</String>
    <String>track_added_by</String>
    <String>59</String>
    <String>1</String>
    <String>track_added_by</String>
    <String>60</String>
    <String>3</String>
    <String>track_added_by</String>
    <String>track</String>
    <String>track_items</String>
    <String>61</String>
    <String>1</String>
    <String>track_external_urls_u0</String>
    <String>62</String>
    <String>1</String>
    <String>track_external_urls_u0</String>
    <String>63</String>
    <String>1</String>
    <String>track_artists</String>
    <String>64</String>
    <String>1</String>
    <String>track_artists</String>
    <String>65</String>
    <String>1</String>
    <String>track_artists</String>
    <String>66</String>
    <String>1</String>
    <String>track_artists</String>
    <String>67</String>
    <String>1</String>
    <String>track_artists</String>
    <String>68</String>
    <String>1</String>
    <String>track_artists</String>
    <String>69</String>
    <String>5</String>
    <String>track_artists</String>
    <String>available_markets</String>
    <String>external_urls_u1</String>
    <String>track_images</String>
    <String>track_album</String>
    <String>70</String>
    <String>1</String>
    <String>external_urls_u1</String>
    <String>71</String>
    <String>1</String>
    <String>track_images</String>
    <String>72</String>
    <String>1</String>
    <String>track_images</String>
    <String>73</String>
    <String>1</String>
    <String>track_images</String>
    <String>74</String>
    <String>1</String>
    <String>track_album</String>
    <String>75</String>
    <String>1</String>
    <String>track_album</String>
    <String>76</String>
    <String>1</String>
    <String>track_album</String>
    <String>77</String>
    <String>1</String>
    <String>track_album</String>
    <String>78</String>
    <String>1</String>
    <String>track_album</String>
    <String>79</String>
    <String>1</String>
    <String>track_album</String>
    <String>80</String>
    <String>6</String>
    <String>track_album</String>
    <String>track_artists_u0</String>
    <String>available_markets_u0</String>
    <String>external_ids</String>
    <String>external_urls_u3</String>
    <String>track</String>
    <String>81</String>
    <String>1</String>
    <String>track_external_urls_u2</String>
    <String>82</String>
    <String>2</String>
    <String>track_external_urls_u2</String>
    <String>track_artists_u0</String>
    <String>83</String>
    <String>1</String>
    <String>track_artists_u0</String>
    <String>84</String>
    <String>1</String>
    <String>track_artists_u0</String>
    <String>85</String>
    <String>1</String>
    <String>track_artists_u0</String>
    <String>86</String>
    <String>1</String>
    <String>track_artists_u0</String>
    <String>87</String>
    <String>1</String>
    <String>track_artists_u0</String>
    <String>88</String>
    <String>1</String>
    <String>track</String>
    <String>89</String>
    <String>1</String>
    <String>track</String>
    <String>90</String>
    <String>1</String>
    <String>track</String>
    <String>91</String>
    <String>1</String>
    <String>track</String>
    <String>92</String>
    <String>1</String>
    <String>track</String>
    <String>93</String>
    <String>1</String>
    <String>track</String>
    <String>94</String>
    <String>1</String>
    <String>track</String>
    <String>95</String>
    <String>1</String>
    <String>track</String>
    <String>96</String>
    <String>1</String>
    <String>track</String>
    <String>97</String>
    <String>1</String>
    <String>track</String>
    <String>98</String>
    <String>1</String>
    <String>track</String>
    <String>99</String>
    <String>1</String>
    <String>track_items</String>
    <String>100</String>
    <String>1</String>
    <String>track_items</String>
    <String>101</String>
    <String>1</String>
    <String>track_items</String>
    <String>102</String>
    <String>1</String>
    <String>track_items</String>
    <String>103</String>
    <String>2</String>
    <String>track_items</String>
    <String>root</String>
    <String>104</String>
    <String>1</String>
    <String>INLFED</String>
    <String>105</String>
    <String>1</String>
    <String>INLFED</String>
    <String>106</String>
    <String>1</String>
    <String>INLFED</String>
  </FieldSrcTables>
  <TableViewData>
    <Pos></Pos>
    <CtlInfo>
      <InternalView>
        <Tables>
          <TableViewTableWinSaveInfo>
            <Pos>
              <Left>1569</Left>
              <Top>20</Top>
              <Width>100</Width>
              <Height>64</Height>
            </Pos>
            <Caption>user_external_urls</Caption>
          </TableViewTableWinSaveInfo>
          <TableViewTableWinSaveInfo>
            <Pos>
              <Left>1530</Left>
              <Top>369</Top>
              <Width>100</Width>
              <Height>82</Height>
            </Pos>
            <Caption>user_followers</Caption>
          </TableViewTableWinSaveInfo>
          <TableViewTableWinSaveInfo>
            <Pos>
              <Left>1356</Left>
              <Top>20</Top>
              <Width>100</Width>
              <Height>100</Height>
            </Pos>
            <Caption>user_images</Caption>
          </TableViewTableWinSaveInfo>
          <TableViewTableWinSaveInfo>
            <Pos>
              <Left>1783</Left>
              <Top>20</Top>
              <Width>100</Width>
              <Height>118</Height>
            </Pos>
            <Caption>user_root</Caption>
          </TableViewTableWinSaveInfo>
          <TableViewTableWinSaveInfo>
            <Pos>
              <Left>1078</Left>
              <Top>436</Top>
              <Width>100</Width>
              <Height>64</Height>
            </Pos>
            <Caption>pl_external_urls</Caption>
          </TableViewTableWinSaveInfo>
          <TableViewTableWinSaveInfo>
            <Pos>
              <Left>1086</Left>
              <Top>803</Top>
              <Width>100</Width>
              <Height>100</Height>
            </Pos>
            <Caption>pl_images</Caption>
          </TableViewTableWinSaveInfo>
          <TableViewTableWinSaveInfo>
            <Pos>
              <Left>854</Left>
              <Top>839</Top>
              <Width>100</Width>
              <Height>64</Height>
            </Pos>
            <Caption>pl_external_urls_u0</Caption>
          </TableViewTableWinSaveInfo>
          <TableViewTableWinSaveInfo>
            <Pos>
              <Left>637</Left>
              <Top>718</Top>
              <Width>100</Width>
              <Height>136</Height>
            </Pos>
            <Caption>pl_owner</Caption>
          </TableViewTableWinSaveInfo>
          <TableViewTableWinSaveInfo>
            <Pos>
              <Left>332</Left>
              <Top>821</Top>
              <Width>100</Width>
              <Height>82</Height>
            </Pos>
            <Caption>pl_tracks</Caption>
          </TableViewTableWinSaveInfo>
          <TableViewTableWinSaveInfo>
            <Pos>
              <Left>861</Left>
              <Top>501</Top>
              <Width>307</Width>
              <Height>208</Height>
            </Pos>
            <Caption>pl_items</Caption>
          </TableViewTableWinSaveInfo>
          <TableViewTableWinSaveInfo>
            <Pos>
              <Left>1451</Left>
              <Top>508</Top>
              <Width>100</Width>
              <Height>154</Height>
            </Pos>
            <Caption>pl_root</Caption>
          </TableViewTableWinSaveInfo>
          <TableViewTableWinSaveInfo>
            <Pos>
              <Left>1220</Left>
              <Top>610</Top>
              <Width>100</Width>
              <Height>64</Height>
            </Pos>
            <Caption>external_urls</Caption>
          </TableViewTableWinSaveInfo>
          <TableViewTableWinSaveInfo>
            <Pos>
              <Left>332</Left>
              <Top>560</Top>
              <Width>246</Width>
              <Height>136</Height>
            </Pos>
            <Caption>track_added_by</Caption>
          </TableViewTableWinSaveInfo>
          <TableViewTableWinSaveInfo>
            <Pos>
              <Left>1732</Left>
              <Top>776</Top>
              <Width>177</Width>
              <Height>64</Height>
            </Pos>
            <Caption>track_external_urls_u0</Caption>
          </TableViewTableWinSaveInfo>
          <TableViewTableWinSaveInfo>
            <Pos>
              <Left>450</Left>
              <Top>68</Top>
              <Width>221</Width>
              <Height>154</Height>
            </Pos>
            <Caption>track_artists</Caption>
          </TableViewTableWinSaveInfo>
          <TableViewTableWinSaveInfo>
            <Pos>
              <Left>36</Left>
              <Top>227</Top>
              <Width>100</Width>
              <Height>64</Height>
            </Pos>
            <Caption>available_markets</Caption>
          </TableViewTableWinSaveInfo>
          <TableViewTableWinSaveInfo>
            <Pos>
              <Left>36</Left>
              <Top>20</Top>
              <Width>100</Width>
              <Height>64</Height>
            </Pos>
            <Caption>external_urls_u1</Caption>
          </TableViewTableWinSaveInfo>
          <TableViewTableWinSaveInfo>
            <Pos>
              <Left>332</Left>
              <Top>20</Top>
              <Width>100</Width>
              <Height>100</Height>
            </Pos>
            <Caption>track_images</Caption>
          </TableViewTableWinSaveInfo>
          <TableViewTableWinSaveInfo>
            <Pos>
              <Left>366</Left>
              <Top>276</Top>
              <Width>333</Width>
              <Height>172</Height>
            </Pos>
            <Caption>track_album</Caption>
          </TableViewTableWinSaveInfo>
          <TableViewTableWinSaveInfo>
            <Pos>
              <Left>864</Left>
              <Top>20</Top>
              <Width>100</Width>
              <Height>64</Height>
            </Pos>
            <Caption>track_external_urls_u2</Caption>
          </TableViewTableWinSaveInfo>
          <TableViewTableWinSaveInfo>
            <Pos>
              <Left>628</Left>
              <Top>20</Top>
              <Width>166</Width>
              <Height>154</Height>
            </Pos>
            <Caption>track_artists_u0</Caption>
          </TableViewTableWinSaveInfo>
          <TableViewTableWinSaveInfo>
            <Pos>
              <Left>1732</Left>
              <Top>550</Top>
              <Width>100</Width>
              <Height>64</Height>
            </Pos>
            <Caption>available_markets_u0</Caption>
          </TableViewTableWinSaveInfo>
          <TableViewTableWinSaveInfo>
            <Pos>
              <Left>1218</Left>
              <Top>46</Top>
              <Width>100</Width>
              <Height>64</Height>
            </Pos>
            <Caption>external_ids</Caption>
          </TableViewTableWinSaveInfo>
          <TableViewTableWinSaveInfo>
            <Pos>
              <Left>1182</Left>
              <Top>171</Top>
              <Width>100</Width>
              <Height>64</Height>
            </Pos>
            <Caption>external_urls_u3</Caption>
          </TableViewTableWinSaveInfo>
          <TableViewTableWinSaveInfo>
            <Pos>
              <Left>709</Left>
              <Top>244</Top>
              <Width>202</Width>
              <Height>208</Height>
            </Pos>
            <Caption>track</Caption>
          </TableViewTableWinSaveInfo>
          <TableViewTableWinSaveInfo>
            <Pos>
              <Left>369</Left>
              <Top>435</Top>
              <Width>217</Width>
              <Height>100</Height>
            </Pos>
            <Caption>track_items</Caption>
          </TableViewTableWinSaveInfo>
          <TableViewTableWinSaveInfo>
            <Pos>
              <Left>695</Left>
              <Top>527</Top>
              <Width>100</Width>
              <Height>82</Height>
            </Pos>
            <Caption>root</Caption>
          </TableViewTableWinSaveInfo>
          <TableViewTableWinSaveInfo>
            <Pos>
              <Left>1216</Left>
              <Top>472</Top>
              <Width>100</Width>
              <Height>64</Height>
            </Pos>
            <Caption>CSV_source</Caption>
          </TableViewTableWinSaveInfo>
          <TableViewTableWinSaveInfo>
            <Pos>
              <Left>604</Left>
              <Top>366</Top>
              <Width>100</Width>
              <Height>208</Height>
            </Pos>
            <Caption>_response_header</Caption>
          </TableViewTableWinSaveInfo>
        </Tables>
        <BroomPoints></BroomPoints>
        <ConnectionPoints></ConnectionPoints>
        <ZoomFactor>3FF0000000000000</ZoomFactor>
      </InternalView>
      <SourceView></SourceView>
    </CtlInfo>
    <Mode>0</Mode>
  </TableViewData>
  <Bookmarks></Bookmarks>
  <SavedByVersion>12.40.20000.0</SavedByVersion>
  <ForceBackEndMacroExecution>false</ForceBackEndMacroExecution>
  <FieldTags>
    <ScriptBased>
      <FieldTagData>
        <Tag>$key</Tag>
        <FieldNames>
          <String>$Field</String>
          <String>$Table</String>
          <String>user__KEY_root</String>
          <String>spotify</String>
          <String>__KEY_owner</String>
          <String>pl__KEY_items</String>
          <String>PlaylistId</String>
          <String>track__KEY_items</String>
          <String>track__KEY_album</String>
          <String>Playlist_track_id</String>
          <String>track__KEY_artists_u0</String>
          <String>track__KEY_root</String>
        </FieldNames>
      </FieldTagData>
      <FieldTagData>
        <Tag>$hidden</Tag>
        <FieldNames>
          <String>$Field</String>
          <String>$Table</String>
          <String>$Rows</String>
          <String>$Fields</String>
          <String>$FieldNo</String>
          <String>$Info</String>
        </FieldNames>
      </FieldTagData>
      <FieldTagData>
        <Tag>$system</Tag>
        <FieldNames>
          <String>$Field</String>
          <String>$Table</String>
          <String>$Rows</String>
          <String>$Fields</String>
          <String>$FieldNo</String>
          <String>$Info</String>
        </FieldNames>
      </FieldTagData>
      <FieldTagData>
        <Tag>$ascii</Tag>
        <FieldNames>
          <String>$Field</String>
          <String>$Table</String>
          <String>$Info</String>
          <String>user_external_urls_spotify</String>
          <String>user_url</String>
          <String>user_u0</String>
          <String>user_id</String>
          <String>user_type</String>
          <String>user_uri</String>
          <String>spotify</String>
          <String>url</String>
          <String>spotify_u0</String>
          <String>href</String>
          <String>type</String>
          <String>uri</String>
          <String>href_u0</String>
          <String>collaborative</String>
          <String>href_u1</String>
          <String>id_u0</String>
          <String>public</String>
          <String>snapshot_id</String>
          <String>type_u0</String>
          <String>uri_u0</String>
          <String>href_u2</String>
          <String>next</String>
          <String>pl_owner_id</String>
          <String>PlaylistId</String>
          <String>TipoDePlaylist</String>
          <String>Proprietario</String>
          <String>@Value</String>
          <String>@Value_u0</String>
          <String>isrc</String>
          <String>spotify_u3</String>
          <String>href_u4</String>
          <String>track_added_by_href</String>
          <String>track_added_by_id</String>
          <String>track_added_by_type</String>
          <String>track_added_by_uri</String>
          <String>track__KEY_items</String>
          <String>track_spotift_u0</String>
          <String>track_artists_href</String>
          <String>track_artists_id</String>
          <String>track_artists_type</String>
          <String>track_artists_uri</String>
          <String>track_external_urls_spotify</String>
          <String>track_url</String>
          <String>track_album_type</String>
          <String>track_album_href</String>
          <String>track_Album_id</String>
          <String>track_album_type_u1</String>
          <String>track_album_uri</String>
          <String>Playlist_track_id</String>
          <String>track_external_urls_u2_spotify</String>
          <String>track_artists_u0_href</String>
          <String>track_artists_u0_id</String>
          <String>track_artists_u0_type</String>
          <String>track_artists_u0_uri</String>
          <String>track_explicit</String>
          <String>track_href_u3</String>
          <String>track_id_u3</String>
          <String>track_preview_url</String>
          <String>track_type_u3</String>
          <String>track_uri_u3</String>
          <String>track_is_local</String>
          <String>track__KEY_root</String>
          <String>_Field</String>
          <String>_EN</String>
        </FieldNames>
      </FieldTagData>
      <FieldTagData>
        <Tag>$text</Tag>
        <FieldNames>
          <String>$Field</String>
          <String>$Table</String>
          <String>$Info</String>
          <String>user_external_urls_spotify</String>
          <String>user_url</String>
          <String>user_u0</String>
          <String>user_id</String>
          <String>user_type</String>
          <String>user_uri</String>
          <String>spotify</String>
          <String>url</String>
          <String>spotify_u0</String>
          <String>href</String>
          <String>type</String>
          <String>uri</String>
          <String>href_u0</String>
          <String>collaborative</String>
          <String>href_u1</String>
          <String>id_u0</String>
          <String>name</String>
          <String>public</String>
          <String>snapshot_id</String>
          <String>type_u0</String>
          <String>uri_u0</String>
          <String>href_u2</String>
          <String>next</String>
          <String>pl_owner_id</String>
          <String>PlaylistId</String>
          <String>TipoDePlaylist</String>
          <String>Proprietario</String>
          <String>@Value</String>
          <String>@Value_u0</String>
          <String>isrc</String>
          <String>spotify_u3</String>
          <String>href_u4</String>
          <String>track_added_by_href</String>
          <String>track_added_by_id</String>
          <String>track_added_by_type</String>
          <String>track_added_by_uri</String>
          <String>track__KEY_items</String>
          <String>track_spotift_u0</String>
          <String>track_artists_href</String>
          <String>track_artists_id</String>
          <String>track_artists_name</String>
          <String>track_artists_type</String>
          <String>track_artists_uri</String>
          <String>track_external_urls_spotify</String>
          <String>track_url</String>
          <String>track_album_type</String>
          <String>track_album_href</String>
          <String>track_Album_id</String>
          <String>track_album_type_u1</String>
          <String>track_album_uri</String>
          <String>Playlist_track_id</String>
          <String>track_external_urls_u2_spotify</String>
          <String>track_artists_u0_href</String>
          <String>track_artists_u0_id</String>
          <String>track_artists_u0_name</String>
          <String>track_artists_u0_type</String>
          <String>track_artists_u0_uri</String>
          <String>track_explicit</String>
          <String>track_href_u3</String>
          <String>track_id_u3</String>
          <String>track_preview_url</String>
          <String>track_type_u3</String>
          <String>track_uri_u3</String>
          <String>track_is_local</String>
          <String>track__KEY_root</String>
          <String>_Field</String>
          <String>_PT</String>
          <String>_EN</String>
        </FieldNames>
      </FieldTagData>
      <FieldTagData>
        <Tag>$numeric</Tag>
        <FieldNames>
          <String>$Rows</String>
          <String>$Fields</String>
          <String>$FieldNo</String>
          <String>user__KEY_root</String>
          <String>user_followers_total</String>
          <String>width</String>
          <String>__KEY_owner</String>
          <String>limit</String>
          <String>offset</String>
          <String>total_u0</String>
          <String>pl__KEY_items</String>
          <String>No_of_tracks</String>
          <String>pl__KEY_root</String>
          <String>pl_KEY_root</String>
          <String>__KEY_added_by</String>
          <String>track__KEY_added_by</String>
          <String>Track__KEY_artists</String>
          <String>track__KEY_artists</String>
          <String>track_height</String>
          <String>track_width</String>
          <String>track_disc_number</String>
          <String>track_duration_ms</String>
          <String>track_popularity</String>
          <String>track_track_number</String>
          <String>track_added_at</String>
          <String>track_added_at_DATE</String>
          <String>track_added_at_TIME</String>
        </FieldNames>
      </FieldTagData>
      <FieldTagData>
        <Tag>$integer</Tag>
        <FieldNames>
          <String>$Rows</String>
          <String>$Fields</String>
          <String>$FieldNo</String>
          <String>user__KEY_root</String>
          <String>user_followers_total</String>
          <String>width</String>
          <String>__KEY_owner</String>
          <String>limit</String>
          <String>offset</String>
          <String>total_u0</String>
          <String>pl__KEY_items</String>
          <String>No_of_tracks</String>
          <String>pl__KEY_root</String>
          <String>pl_KEY_root</String>
          <String>__KEY_added_by</String>
          <String>track__KEY_added_by</String>
          <String>Track__KEY_artists</String>
          <String>track__KEY_artists</String>
          <String>track_height</String>
          <String>track_width</String>
          <String>track_disc_number</String>
          <String>track_duration_ms</String>
          <String>track_popularity</String>
          <String>track_track_number</String>
          <String>track_added_at_DATE</String>
        </FieldNames>
      </FieldTagData>
      <FieldTagData>
        <Tag>$timestamp</Tag>
        <FieldNames>
          <String>track_added_at</String>
          <String>track_added_at_DATE</String>
        </FieldNames>
      </FieldTagData>
      <FieldTagData>
        <Tag>$date</Tag>
        <FieldNames>
          <String>track_added_at_DATE</String>
        </FieldNames>
      </FieldTagData>
    </ScriptBased>
    <Interactive></Interactive>
  </FieldTags>
  <FieldComments></FieldComments>
  <TableComments></TableComments>
  <CreatePrjFolder>false</CreatePrjFolder>
  <LinkedTables></LinkedTables>
  <AppObjectEntries></AppObjectEntries>
  <GenericDimensions></GenericDimensions>
  <GenericMeasures></GenericMeasures>
  <GenericBookmarks></GenericBookmarks>
  <ConnectionInfo></ConnectionInfo>
  <GenericDerivedDefinitions></GenericDerivedDefinitions>
  <GenericDerivedFields></GenericDerivedFields>
  <BnfOff>false</BnfOff>
  <CreatedAfterSingleQuoteExactSearch>false</CreatedAfterSingleQuoteExactSearch>
</DocInternals>
