﻿<!-- Last project change: 2019-05-02 23:54:01 (2019-05-02 21:54:01) -->
<PrjQlikViewProject>
  <GLOBAL>
    <AllPropertiesFileName>AllProperties.xml</AllPropertiesFileName>
    <DocBinaryFileName>DocBinary.dat</DocBinaryFileName>
    <DocInternalsFileName>DocInternals.xml</DocInternalsFileName>
    <DocPropertiesFileName>DocProperties.xml</DocPropertiesFileName>
    <LoadScriptFileName>LoadScript.txt</LoadScriptFileName>
    <ModuleFileName>Module.txt</ModuleFileName>
    <TopLayoutFileName>TopLayout.xml</TopLayoutFileName>
  </GLOBAL>
  <SHEETS>
    <PrjSheetProperties>
      <SheetId>Document\SH100</SheetId>
      <IsActive>true</IsActive>
      <ChildObjects>
        <PrjFrameParentDef>
          <ObjectId>Document\TX33</ObjectId>
          <Rect>
            <Left>25</Left>
            <Top>25</Top>
            <Width>2053</Width>
            <Height>769</Height>
          </Rect>
          <MinimizedRect>
            <Left>0</Left>
            <Top>0</Top>
            <Width>297</Width>
            <Height>102</Height>
          </MinimizedRect>
          <ShowMode>1</ShowMode>
          <ZedLevel>-2</ZedLevel>
        </PrjFrameParentDef>
        <PrjFrameParentDef>
          <ObjectId>Document\TX32</ObjectId>
          <Rect>
            <Left>2413</Left>
            <Top>63</Top>
            <Width>450</Width>
            <Height>188</Height>
          </Rect>
          <MinimizedRect>
            <Left>0</Left>
            <Top>0</Top>
            <Width>297</Width>
            <Height>102</Height>
          </MinimizedRect>
          <ShowMode>1</ShowMode>
          <ZedLevel>-1</ZedLevel>
        </PrjFrameParentDef>
        <PrjFrameParentDef>
          <ObjectId>Document\TX35</ObjectId>
          <Rect>
            <Left>2609</Left>
            <Top>613</Top>
            <Width>216</Width>
            <Height>75</Height>
          </Rect>
          <MinimizedRect>
            <Left>0</Left>
            <Top>0</Top>
            <Width>297</Width>
            <Height>102</Height>
          </MinimizedRect>
          <ShowMode>1</ShowMode>
          <ZedLevel>-1</ZedLevel>
        </PrjFrameParentDef>
        <PrjFrameParentDef>
          <ObjectId>Document\TX36</ObjectId>
          <Rect>
            <Left>2381</Left>
            <Top>613</Top>
            <Width>216</Width>
            <Height>75</Height>
          </Rect>
          <MinimizedRect>
            <Left>0</Left>
            <Top>0</Top>
            <Width>297</Width>
            <Height>102</Height>
          </MinimizedRect>
          <ShowMode>1</ShowMode>
          <ZedLevel>-1</ZedLevel>
        </PrjFrameParentDef>
        <PrjFrameParentDef>
          <ObjectId>Document\IB11</ObjectId>
          <Rect>
            <Left>2413</Left>
            <Top>475</Top>
            <Width>900</Width>
            <Height>172</Height>
          </Rect>
          <MinimizedRect>
            <Left>0</Left>
            <Top>0</Top>
            <Width>297</Width>
            <Height>102</Height>
          </MinimizedRect>
          <ShowMode>1</ShowMode>
          <ZedLevel>0</ZedLevel>
        </PrjFrameParentDef>
        <PrjFrameParentDef>
          <ObjectId>Document\BU01</ObjectId>
          <Rect>
            <Left>2613</Left>
            <Top>288</Top>
            <Width>247</Width>
            <Height>109</Height>
          </Rect>
          <MinimizedRect>
            <Left>0</Left>
            <Top>0</Top>
            <Width>297</Width>
            <Height>102</Height>
          </MinimizedRect>
          <ShowMode>1</ShowMode>
          <ZedLevel>0</ZedLevel>
        </PrjFrameParentDef>
        <PrjFrameParentDef>
          <ObjectId>Document\BU02</ObjectId>
          <Rect>
            <Left>2388</Left>
            <Top>288</Top>
            <Width>175</Width>
            <Height>109</Height>
          </Rect>
          <MinimizedRect>
            <Left>0</Left>
            <Top>0</Top>
            <Width>297</Width>
            <Height>102</Height>
          </MinimizedRect>
          <ShowMode>1</ShowMode>
          <ZedLevel>0</ZedLevel>
        </PrjFrameParentDef>
      </ChildObjects>
    </PrjSheetProperties>
    <PrjSheetProperties>
      <SheetId>Document\SH01</SheetId>
      <IsActive>false</IsActive>
      <ChildObjects>
        <PrjFrameParentDef>
          <ObjectId>Document\TX05</ObjectId>
          <Rect>
            <Left>0</Left>
            <Top>0</Top>
            <Width>1250</Width>
            <Height>313</Height>
          </Rect>
          <MinimizedRect>
            <Left>0</Left>
            <Top>0</Top>
            <Width>297</Width>
            <Height>102</Height>
          </MinimizedRect>
          <ShowMode>1</ShowMode>
          <ZedLevel>-2</ZedLevel>
        </PrjFrameParentDef>
        <PrjFrameParentDef>
          <ObjectId>Document\TX08</ObjectId>
          <Rect>
            <Left>1256</Left>
            <Top>0</Top>
            <Width>2656</Width>
            <Height>313</Height>
          </Rect>
          <MinimizedRect>
            <Left>0</Left>
            <Top>0</Top>
            <Width>297</Width>
            <Height>102</Height>
          </MinimizedRect>
          <ShowMode>1</ShowMode>
          <ZedLevel>-2</ZedLevel>
        </PrjFrameParentDef>
        <PrjFrameParentDef>
          <ObjectId>Document\TX02</ObjectId>
          <Rect>
            <Left>766</Left>
            <Top>41</Top>
            <Width>469</Width>
            <Height>147</Height>
          </Rect>
          <MinimizedRect>
            <Left>0</Left>
            <Top>0</Top>
            <Width>297</Width>
            <Height>102</Height>
          </MinimizedRect>
          <ShowMode>1</ShowMode>
          <ZedLevel>-1</ZedLevel>
        </PrjFrameParentDef>
        <PrjFrameParentDef>
          <ObjectId>Document\TX04</ObjectId>
          <Rect>
            <Left>25</Left>
            <Top>38</Top>
            <Width>450</Width>
            <Height>188</Height>
          </Rect>
          <MinimizedRect>
            <Left>0</Left>
            <Top>0</Top>
            <Width>297</Width>
            <Height>102</Height>
          </MinimizedRect>
          <ShowMode>1</ShowMode>
          <ZedLevel>-1</ZedLevel>
        </PrjFrameParentDef>
        <PrjFrameParentDef>
          <ObjectId>Document\TX03</ObjectId>
          <Rect>
            <Left>538</Left>
            <Top>63</Top>
            <Width>203</Width>
            <Height>203</Height>
          </Rect>
          <MinimizedRect>
            <Left>0</Left>
            <Top>0</Top>
            <Width>297</Width>
            <Height>102</Height>
          </MinimizedRect>
          <ShowMode>1</ShowMode>
          <ZedLevel>-1</ZedLevel>
        </PrjFrameParentDef>
        <PrjFrameParentDef>
          <ObjectId>Document\TX18</ObjectId>
          <Rect>
            <Left>1256</Left>
            <Top>0</Top>
            <Width>313</Width>
            <Height>313</Height>
          </Rect>
          <MinimizedRect>
            <Left>0</Left>
            <Top>0</Top>
            <Width>297</Width>
            <Height>102</Height>
          </MinimizedRect>
          <ShowMode>1</ShowMode>
          <ZedLevel>-1</ZedLevel>
        </PrjFrameParentDef>
        <PrjFrameParentDef>
          <ObjectId>Document\TX27</ObjectId>
          <Rect>
            <Left>1581</Left>
            <Top>0</Top>
            <Width>313</Width>
            <Height>313</Height>
          </Rect>
          <MinimizedRect>
            <Left>0</Left>
            <Top>0</Top>
            <Width>297</Width>
            <Height>102</Height>
          </MinimizedRect>
          <ShowMode>1</ShowMode>
          <ZedLevel>-1</ZedLevel>
        </PrjFrameParentDef>
        <PrjFrameParentDef>
          <ObjectId>Document\TX28</ObjectId>
          <Rect>
            <Left>1906</Left>
            <Top>0</Top>
            <Width>313</Width>
            <Height>313</Height>
          </Rect>
          <MinimizedRect>
            <Left>0</Left>
            <Top>0</Top>
            <Width>297</Width>
            <Height>102</Height>
          </MinimizedRect>
          <ShowMode>1</ShowMode>
          <ZedLevel>-1</ZedLevel>
        </PrjFrameParentDef>
        <PrjFrameParentDef>
          <ObjectId>Document\TX37</ObjectId>
          <Rect>
            <Left>2269</Left>
            <Top>19</Top>
            <Width>216</Width>
            <Height>75</Height>
          </Rect>
          <MinimizedRect>
            <Left>0</Left>
            <Top>0</Top>
            <Width>297</Width>
            <Height>102</Height>
          </MinimizedRect>
          <ShowMode>1</ShowMode>
          <ZedLevel>-1</ZedLevel>
        </PrjFrameParentDef>
        <PrjFrameParentDef>
          <ObjectId>Document\TX38</ObjectId>
          <Rect>
            <Left>2488</Left>
            <Top>19</Top>
            <Width>216</Width>
            <Height>75</Height>
          </Rect>
          <MinimizedRect>
            <Left>0</Left>
            <Top>0</Top>
            <Width>297</Width>
            <Height>102</Height>
          </MinimizedRect>
          <ShowMode>1</ShowMode>
          <ZedLevel>-1</ZedLevel>
        </PrjFrameParentDef>
        <PrjFrameParentDef>
          <ObjectId>Document\CH01</ObjectId>
          <Rect>
            <Left>550</Left>
            <Top>325</Top>
            <Width>525</Width>
            <Height>203</Height>
          </Rect>
          <MinimizedRect>
            <Left>0</Left>
            <Top>0</Top>
            <Width>297</Width>
            <Height>102</Height>
          </MinimizedRect>
          <ShowMode>1</ShowMode>
          <ZedLevel>0</ZedLevel>
        </PrjFrameParentDef>
        <PrjFrameParentDef>
          <ObjectId>Document\CH14</ObjectId>
          <Rect>
            <Left>2700</Left>
            <Top>325</Top>
            <Width>388</Width>
            <Height>203</Height>
          </Rect>
          <MinimizedRect>
            <Left>0</Left>
            <Top>0</Top>
            <Width>297</Width>
            <Height>102</Height>
          </MinimizedRect>
          <ShowMode>1</ShowMode>
          <ZedLevel>0</ZedLevel>
        </PrjFrameParentDef>
        <PrjFrameParentDef>
          <ObjectId>Document\CH07</ObjectId>
          <Rect>
            <Left>1625</Left>
            <Top>325</Top>
            <Width>525</Width>
            <Height>203</Height>
          </Rect>
          <MinimizedRect>
            <Left>0</Left>
            <Top>0</Top>
            <Width>297</Width>
            <Height>102</Height>
          </MinimizedRect>
          <ShowMode>1</ShowMode>
          <ZedLevel>0</ZedLevel>
        </PrjFrameParentDef>
        <PrjFrameParentDef>
          <ObjectId>Document\CH13</ObjectId>
          <Rect>
            <Left>2163</Left>
            <Top>325</Top>
            <Width>525</Width>
            <Height>203</Height>
          </Rect>
          <MinimizedRect>
            <Left>0</Left>
            <Top>0</Top>
            <Width>297</Width>
            <Height>102</Height>
          </MinimizedRect>
          <ShowMode>1</ShowMode>
          <ZedLevel>0</ZedLevel>
        </PrjFrameParentDef>
        <PrjFrameParentDef>
          <ObjectId>Document\CH16</ObjectId>
          <Rect>
            <Left>3100</Left>
            <Top>325</Top>
            <Width>525</Width>
            <Height>203</Height>
          </Rect>
          <MinimizedRect>
            <Left>0</Left>
            <Top>0</Top>
            <Width>297</Width>
            <Height>102</Height>
          </MinimizedRect>
          <ShowMode>1</ShowMode>
          <ZedLevel>0</ZedLevel>
        </PrjFrameParentDef>
        <PrjFrameParentDef>
          <ObjectId>Document\SL01</ObjectId>
          <Rect>
            <Left>1028</Left>
            <Top>1700</Top>
            <Width>1003</Width>
            <Height>166</Height>
          </Rect>
          <MinimizedRect>
            <Left>0</Left>
            <Top>0</Top>
            <Width>297</Width>
            <Height>102</Height>
          </MinimizedRect>
          <ShowMode>1</ShowMode>
          <ZedLevel>0</ZedLevel>
        </PrjFrameParentDef>
        <PrjFrameParentDef>
          <ObjectId>Document\CH12</ObjectId>
          <Rect>
            <Left>2044</Left>
            <Top>528</Top>
            <Width>1881</Width>
            <Height>1341</Height>
          </Rect>
          <MinimizedRect>
            <Left>0</Left>
            <Top>0</Top>
            <Width>297</Width>
            <Height>102</Height>
          </MinimizedRect>
          <ShowMode>1</ShowMode>
          <ZedLevel>0</ZedLevel>
        </PrjFrameParentDef>
        <PrjFrameParentDef>
          <ObjectId>Document\SO01</ObjectId>
          <Rect>
            <Left>3206</Left>
            <Top>175</Top>
            <Width>700</Width>
            <Height>100</Height>
          </Rect>
          <MinimizedRect>
            <Left>0</Left>
            <Top>0</Top>
            <Width>297</Width>
            <Height>102</Height>
          </MinimizedRect>
          <ShowMode>1</ShowMode>
          <ZedLevel>0</ZedLevel>
        </PrjFrameParentDef>
        <PrjFrameParentDef>
          <ObjectId>Document\MB01</ObjectId>
          <Rect>
            <Left>3231</Left>
            <Top>19</Top>
            <Width>750</Width>
            <Height>900</Height>
          </Rect>
          <MinimizedRect>
            <Left>0</Left>
            <Top>0</Top>
            <Width>297</Width>
            <Height>102</Height>
          </MinimizedRect>
          <ShowMode>1</ShowMode>
          <ZedLevel>0</ZedLevel>
        </PrjFrameParentDef>
        <PrjFrameParentDef>
          <ObjectId>Document\CH03</ObjectId>
          <Rect>
            <Left>1088</Left>
            <Top>325</Top>
            <Width>525</Width>
            <Height>203</Height>
          </Rect>
          <MinimizedRect>
            <Left>0</Left>
            <Top>0</Top>
            <Width>297</Width>
            <Height>102</Height>
          </MinimizedRect>
          <ShowMode>1</ShowMode>
          <ZedLevel>0</ZedLevel>
        </PrjFrameParentDef>
        <PrjFrameParentDef>
          <ObjectId>Document\CH08</ObjectId>
          <Rect>
            <Left>13</Left>
            <Top>325</Top>
            <Width>525</Width>
            <Height>203</Height>
          </Rect>
          <MinimizedRect>
            <Left>0</Left>
            <Top>0</Top>
            <Width>297</Width>
            <Height>102</Height>
          </MinimizedRect>
          <ShowMode>1</ShowMode>
          <ZedLevel>0</ZedLevel>
        </PrjFrameParentDef>
        <PrjFrameParentDef>
          <ObjectId>Document\CH04</ObjectId>
          <Rect>
            <Left>0</Left>
            <Top>531</Top>
            <Width>1094</Width>
            <Height>1344</Height>
          </Rect>
          <MinimizedRect>
            <Left>0</Left>
            <Top>0</Top>
            <Width>297</Width>
            <Height>102</Height>
          </MinimizedRect>
          <ShowMode>1</ShowMode>
          <ZedLevel>0</ZedLevel>
        </PrjFrameParentDef>
        <PrjFrameParentDef>
          <ObjectId>Document\CH10</ObjectId>
          <Rect>
            <Left>1031</Left>
            <Top>531</Top>
            <Width>1000</Width>
            <Height>1156</Height>
          </Rect>
          <MinimizedRect>
            <Left>0</Left>
            <Top>0</Top>
            <Width>297</Width>
            <Height>102</Height>
          </MinimizedRect>
          <ShowMode>1</ShowMode>
          <ZedLevel>0</ZedLevel>
        </PrjFrameParentDef>
      </ChildObjects>
    </PrjSheetProperties>
    <PrjSheetProperties>
      <SheetId>Document\SH02</SheetId>
      <IsActive>false</IsActive>
      <ChildObjects>
        <PrjFrameParentDef>
          <ObjectId>Document\TX05</ObjectId>
          <Rect>
            <Left>0</Left>
            <Top>0</Top>
            <Width>1250</Width>
            <Height>313</Height>
          </Rect>
          <MinimizedRect>
            <Left>0</Left>
            <Top>0</Top>
            <Width>297</Width>
            <Height>102</Height>
          </MinimizedRect>
          <ShowMode>1</ShowMode>
          <ZedLevel>-2</ZedLevel>
        </PrjFrameParentDef>
        <PrjFrameParentDef>
          <ObjectId>Document\TX08</ObjectId>
          <Rect>
            <Left>1256</Left>
            <Top>0</Top>
            <Width>2656</Width>
            <Height>313</Height>
          </Rect>
          <MinimizedRect>
            <Left>0</Left>
            <Top>0</Top>
            <Width>297</Width>
            <Height>102</Height>
          </MinimizedRect>
          <ShowMode>1</ShowMode>
          <ZedLevel>-2</ZedLevel>
        </PrjFrameParentDef>
        <PrjFrameParentDef>
          <ObjectId>Document\TX28</ObjectId>
          <Rect>
            <Left>1906</Left>
            <Top>0</Top>
            <Width>313</Width>
            <Height>313</Height>
          </Rect>
          <MinimizedRect>
            <Left>0</Left>
            <Top>0</Top>
            <Width>297</Width>
            <Height>102</Height>
          </MinimizedRect>
          <ShowMode>1</ShowMode>
          <ZedLevel>-1</ZedLevel>
        </PrjFrameParentDef>
        <PrjFrameParentDef>
          <ObjectId>Document\TX02</ObjectId>
          <Rect>
            <Left>766</Left>
            <Top>41</Top>
            <Width>469</Width>
            <Height>147</Height>
          </Rect>
          <MinimizedRect>
            <Left>0</Left>
            <Top>0</Top>
            <Width>297</Width>
            <Height>102</Height>
          </MinimizedRect>
          <ShowMode>1</ShowMode>
          <ZedLevel>-1</ZedLevel>
        </PrjFrameParentDef>
        <PrjFrameParentDef>
          <ObjectId>Document\TX03</ObjectId>
          <Rect>
            <Left>538</Left>
            <Top>63</Top>
            <Width>203</Width>
            <Height>203</Height>
          </Rect>
          <MinimizedRect>
            <Left>0</Left>
            <Top>0</Top>
            <Width>297</Width>
            <Height>102</Height>
          </MinimizedRect>
          <ShowMode>1</ShowMode>
          <ZedLevel>-1</ZedLevel>
        </PrjFrameParentDef>
        <PrjFrameParentDef>
          <ObjectId>Document\TX04</ObjectId>
          <Rect>
            <Left>25</Left>
            <Top>38</Top>
            <Width>450</Width>
            <Height>188</Height>
          </Rect>
          <MinimizedRect>
            <Left>0</Left>
            <Top>0</Top>
            <Width>297</Width>
            <Height>102</Height>
          </MinimizedRect>
          <ShowMode>1</ShowMode>
          <ZedLevel>-1</ZedLevel>
        </PrjFrameParentDef>
        <PrjFrameParentDef>
          <ObjectId>Document\TX18</ObjectId>
          <Rect>
            <Left>1256</Left>
            <Top>0</Top>
            <Width>313</Width>
            <Height>313</Height>
          </Rect>
          <MinimizedRect>
            <Left>0</Left>
            <Top>0</Top>
            <Width>297</Width>
            <Height>102</Height>
          </MinimizedRect>
          <ShowMode>1</ShowMode>
          <ZedLevel>-1</ZedLevel>
        </PrjFrameParentDef>
        <PrjFrameParentDef>
          <ObjectId>Document\TX27</ObjectId>
          <Rect>
            <Left>1581</Left>
            <Top>0</Top>
            <Width>313</Width>
            <Height>313</Height>
          </Rect>
          <MinimizedRect>
            <Left>0</Left>
            <Top>0</Top>
            <Width>297</Width>
            <Height>102</Height>
          </MinimizedRect>
          <ShowMode>1</ShowMode>
          <ZedLevel>-1</ZedLevel>
        </PrjFrameParentDef>
        <PrjFrameParentDef>
          <ObjectId>Document\TX37</ObjectId>
          <Rect>
            <Left>2269</Left>
            <Top>19</Top>
            <Width>216</Width>
            <Height>75</Height>
          </Rect>
          <MinimizedRect>
            <Left>0</Left>
            <Top>0</Top>
            <Width>297</Width>
            <Height>102</Height>
          </MinimizedRect>
          <ShowMode>1</ShowMode>
          <ZedLevel>-1</ZedLevel>
        </PrjFrameParentDef>
        <PrjFrameParentDef>
          <ObjectId>Document\TX38</ObjectId>
          <Rect>
            <Left>2488</Left>
            <Top>19</Top>
            <Width>216</Width>
            <Height>75</Height>
          </Rect>
          <MinimizedRect>
            <Left>0</Left>
            <Top>0</Top>
            <Width>297</Width>
            <Height>102</Height>
          </MinimizedRect>
          <ShowMode>1</ShowMode>
          <ZedLevel>-1</ZedLevel>
        </PrjFrameParentDef>
        <PrjFrameParentDef>
          <ObjectId>Document\CH29</ObjectId>
          <Rect>
            <Left>2775</Left>
            <Top>325</Top>
            <Width>1138</Width>
            <Height>1544</Height>
          </Rect>
          <MinimizedRect>
            <Left>0</Left>
            <Top>0</Top>
            <Width>297</Width>
            <Height>102</Height>
          </MinimizedRect>
          <ShowMode>1</ShowMode>
          <ZedLevel>0</ZedLevel>
        </PrjFrameParentDef>
        <PrjFrameParentDef>
          <ObjectId>Document\SO01</ObjectId>
          <Rect>
            <Left>3206</Left>
            <Top>175</Top>
            <Width>700</Width>
            <Height>100</Height>
          </Rect>
          <MinimizedRect>
            <Left>0</Left>
            <Top>0</Top>
            <Width>297</Width>
            <Height>102</Height>
          </MinimizedRect>
          <ShowMode>1</ShowMode>
          <ZedLevel>0</ZedLevel>
        </PrjFrameParentDef>
        <PrjFrameParentDef>
          <ObjectId>Document\MB01</ObjectId>
          <Rect>
            <Left>3231</Left>
            <Top>19</Top>
            <Width>750</Width>
            <Height>900</Height>
          </Rect>
          <MinimizedRect>
            <Left>0</Left>
            <Top>0</Top>
            <Width>297</Width>
            <Height>102</Height>
          </MinimizedRect>
          <ShowMode>1</ShowMode>
          <ZedLevel>0</ZedLevel>
        </PrjFrameParentDef>
        <PrjFrameParentDef>
          <ObjectId>Document\CH33</ObjectId>
          <Rect>
            <Left>19</Left>
            <Top>1200</Top>
            <Width>3166</Width>
            <Height>1341</Height>
          </Rect>
          <MinimizedRect>
            <Left>4806</Left>
            <Top>563</Top>
            <Width>297</Width>
            <Height>103</Height>
          </MinimizedRect>
          <ShowMode>1</ShowMode>
          <ZedLevel>0</ZedLevel>
        </PrjFrameParentDef>
        <PrjFrameParentDef>
          <ObjectId>Document\CH31</ObjectId>
          <Rect>
            <Left>13</Left>
            <Top>325</Top>
            <Width>2756</Width>
            <Height>856</Height>
          </Rect>
          <MinimizedRect>
            <Left>0</Left>
            <Top>0</Top>
            <Width>297</Width>
            <Height>102</Height>
          </MinimizedRect>
          <ShowMode>1</ShowMode>
          <ZedLevel>0</ZedLevel>
        </PrjFrameParentDef>
      </ChildObjects>
    </PrjSheetProperties>
    <PrjSheetProperties>
      <SheetId>Document\SH03</SheetId>
      <IsActive>false</IsActive>
      <ChildObjects>
        <PrjFrameParentDef>
          <ObjectId>Document\TX05</ObjectId>
          <Rect>
            <Left>0</Left>
            <Top>0</Top>
            <Width>1250</Width>
            <Height>313</Height>
          </Rect>
          <MinimizedRect>
            <Left>0</Left>
            <Top>0</Top>
            <Width>297</Width>
            <Height>102</Height>
          </MinimizedRect>
          <ShowMode>1</ShowMode>
          <ZedLevel>-2</ZedLevel>
        </PrjFrameParentDef>
        <PrjFrameParentDef>
          <ObjectId>Document\TX08</ObjectId>
          <Rect>
            <Left>1256</Left>
            <Top>0</Top>
            <Width>2656</Width>
            <Height>313</Height>
          </Rect>
          <MinimizedRect>
            <Left>0</Left>
            <Top>0</Top>
            <Width>297</Width>
            <Height>102</Height>
          </MinimizedRect>
          <ShowMode>1</ShowMode>
          <ZedLevel>-2</ZedLevel>
        </PrjFrameParentDef>
        <PrjFrameParentDef>
          <ObjectId>Document\TX18</ObjectId>
          <Rect>
            <Left>1256</Left>
            <Top>0</Top>
            <Width>313</Width>
            <Height>313</Height>
          </Rect>
          <MinimizedRect>
            <Left>0</Left>
            <Top>0</Top>
            <Width>297</Width>
            <Height>102</Height>
          </MinimizedRect>
          <ShowMode>1</ShowMode>
          <ZedLevel>-1</ZedLevel>
        </PrjFrameParentDef>
        <PrjFrameParentDef>
          <ObjectId>Document\TX28</ObjectId>
          <Rect>
            <Left>1906</Left>
            <Top>0</Top>
            <Width>313</Width>
            <Height>313</Height>
          </Rect>
          <MinimizedRect>
            <Left>0</Left>
            <Top>0</Top>
            <Width>297</Width>
            <Height>102</Height>
          </MinimizedRect>
          <ShowMode>1</ShowMode>
          <ZedLevel>-1</ZedLevel>
        </PrjFrameParentDef>
        <PrjFrameParentDef>
          <ObjectId>Document\TX27</ObjectId>
          <Rect>
            <Left>1581</Left>
            <Top>0</Top>
            <Width>313</Width>
            <Height>313</Height>
          </Rect>
          <MinimizedRect>
            <Left>0</Left>
            <Top>0</Top>
            <Width>297</Width>
            <Height>102</Height>
          </MinimizedRect>
          <ShowMode>1</ShowMode>
          <ZedLevel>-1</ZedLevel>
        </PrjFrameParentDef>
        <PrjFrameParentDef>
          <ObjectId>Document\TX04</ObjectId>
          <Rect>
            <Left>25</Left>
            <Top>38</Top>
            <Width>450</Width>
            <Height>188</Height>
          </Rect>
          <MinimizedRect>
            <Left>0</Left>
            <Top>0</Top>
            <Width>297</Width>
            <Height>102</Height>
          </MinimizedRect>
          <ShowMode>1</ShowMode>
          <ZedLevel>-1</ZedLevel>
        </PrjFrameParentDef>
        <PrjFrameParentDef>
          <ObjectId>Document\TX03</ObjectId>
          <Rect>
            <Left>538</Left>
            <Top>63</Top>
            <Width>203</Width>
            <Height>203</Height>
          </Rect>
          <MinimizedRect>
            <Left>0</Left>
            <Top>0</Top>
            <Width>297</Width>
            <Height>102</Height>
          </MinimizedRect>
          <ShowMode>1</ShowMode>
          <ZedLevel>-1</ZedLevel>
        </PrjFrameParentDef>
        <PrjFrameParentDef>
          <ObjectId>Document\TX02</ObjectId>
          <Rect>
            <Left>766</Left>
            <Top>41</Top>
            <Width>469</Width>
            <Height>147</Height>
          </Rect>
          <MinimizedRect>
            <Left>0</Left>
            <Top>0</Top>
            <Width>297</Width>
            <Height>102</Height>
          </MinimizedRect>
          <ShowMode>1</ShowMode>
          <ZedLevel>-1</ZedLevel>
        </PrjFrameParentDef>
        <PrjFrameParentDef>
          <ObjectId>Document\TX37</ObjectId>
          <Rect>
            <Left>2269</Left>
            <Top>19</Top>
            <Width>216</Width>
            <Height>75</Height>
          </Rect>
          <MinimizedRect>
            <Left>0</Left>
            <Top>0</Top>
            <Width>297</Width>
            <Height>102</Height>
          </MinimizedRect>
          <ShowMode>1</ShowMode>
          <ZedLevel>-1</ZedLevel>
        </PrjFrameParentDef>
        <PrjFrameParentDef>
          <ObjectId>Document\TX38</ObjectId>
          <Rect>
            <Left>2488</Left>
            <Top>19</Top>
            <Width>216</Width>
            <Height>75</Height>
          </Rect>
          <MinimizedRect>
            <Left>0</Left>
            <Top>0</Top>
            <Width>297</Width>
            <Height>102</Height>
          </MinimizedRect>
          <ShowMode>1</ShowMode>
          <ZedLevel>-1</ZedLevel>
        </PrjFrameParentDef>
        <PrjFrameParentDef>
          <ObjectId>Document\CH34</ObjectId>
          <Rect>
            <Left>1281</Left>
            <Top>341</Top>
            <Width>3166</Width>
            <Height>1503</Height>
          </Rect>
          <MinimizedRect>
            <Left>4806</Left>
            <Top>563</Top>
            <Width>297</Width>
            <Height>103</Height>
          </MinimizedRect>
          <ShowMode>1</ShowMode>
          <ZedLevel>0</ZedLevel>
        </PrjFrameParentDef>
        <PrjFrameParentDef>
          <ObjectId>Document\CH35</ObjectId>
          <Rect>
            <Left>3</Left>
            <Top>338</Top>
            <Width>1272</Width>
            <Height>1528</Height>
          </Rect>
          <MinimizedRect>
            <Left>4806</Left>
            <Top>563</Top>
            <Width>297</Width>
            <Height>103</Height>
          </MinimizedRect>
          <ShowMode>1</ShowMode>
          <ZedLevel>0</ZedLevel>
        </PrjFrameParentDef>
        <PrjFrameParentDef>
          <ObjectId>Document\MB01</ObjectId>
          <Rect>
            <Left>3231</Left>
            <Top>19</Top>
            <Width>750</Width>
            <Height>900</Height>
          </Rect>
          <MinimizedRect>
            <Left>0</Left>
            <Top>0</Top>
            <Width>297</Width>
            <Height>102</Height>
          </MinimizedRect>
          <ShowMode>1</ShowMode>
          <ZedLevel>0</ZedLevel>
        </PrjFrameParentDef>
        <PrjFrameParentDef>
          <ObjectId>Document\SO01</ObjectId>
          <Rect>
            <Left>3206</Left>
            <Top>175</Top>
            <Width>700</Width>
            <Height>100</Height>
          </Rect>
          <MinimizedRect>
            <Left>0</Left>
            <Top>0</Top>
            <Width>297</Width>
            <Height>102</Height>
          </MinimizedRect>
          <ShowMode>1</ShowMode>
          <ZedLevel>0</ZedLevel>
        </PrjFrameParentDef>
      </ChildObjects>
    </PrjSheetProperties>
    <PrjSheetProperties>
      <SheetId>Document\SH99</SheetId>
      <IsActive>false</IsActive>
      <ChildObjects>
        <PrjFrameParentDef>
          <ObjectId>Document\IB04</ObjectId>
          <Rect>
            <Left>850</Left>
            <Top>959</Top>
            <Width>2522</Width>
            <Height>300</Height>
          </Rect>
          <MinimizedRect>
            <Left>0</Left>
            <Top>0</Top>
            <Width>297</Width>
            <Height>102</Height>
          </MinimizedRect>
          <ShowMode>1</ShowMode>
          <ZedLevel>0</ZedLevel>
        </PrjFrameParentDef>
        <PrjFrameParentDef>
          <ObjectId>Document\IB05</ObjectId>
          <Rect>
            <Left>863</Left>
            <Top>1288</Top>
            <Width>900</Width>
            <Height>1050</Height>
          </Rect>
          <MinimizedRect>
            <Left>0</Left>
            <Top>0</Top>
            <Width>297</Width>
            <Height>102</Height>
          </MinimizedRect>
          <ShowMode>1</ShowMode>
          <ZedLevel>0</ZedLevel>
        </PrjFrameParentDef>
        <PrjFrameParentDef>
          <ObjectId>Document\IB06</ObjectId>
          <Rect>
            <Left>859</Left>
            <Top>281</Top>
            <Width>900</Width>
            <Height>1050</Height>
          </Rect>
          <MinimizedRect>
            <Left>0</Left>
            <Top>0</Top>
            <Width>297</Width>
            <Height>102</Height>
          </MinimizedRect>
          <ShowMode>1</ShowMode>
          <ZedLevel>0</ZedLevel>
        </PrjFrameParentDef>
      </ChildObjects>
    </PrjSheetProperties>
  </SHEETS>
  <REPORTS></REPORTS>
  <ContainerMembers></ContainerMembers>
</PrjQlikViewProject>
