﻿<SheetProperties>
  <ZoomFactor>3FF0000000000000</ZoomFactor>
  <SheetFont>
    <FontName>Tahoma</FontName>
    <PointSize1000>8000</PointSize1000>
    <Underline>false</Underline>
    <Bold>false</Bold>
    <Italic>false</Italic>
    <DropShadow>false</DropShadow>
  </SheetFont>
  <Name>Sheet4</Name>
  <UseApplicationBkg>true</UseApplicationBkg>
  <UseBkgImage>false</UseBkgImage>
  <UseColorBkg>false</UseColorBkg>
  <WallpaperPic enctype="base64"></WallpaperPic>
  <BkgColor>
    <Mode>COLORAREA_SOLID</Mode>
    <Luminosity>85</Luminosity>
    <FillDirection>COLORAREA_HORZ</FillDirection>
    <FillPattern>COLORAREA_PATTERN1</FillPattern>
    <PrimaryCol>
      <Col>
        <Red>248</Red>
        <Green>248</Green>
        <Blue>248</Blue>
        <Alpha>255</Alpha>
      </Col>
      <IsCalculated>false</IsCalculated>
      <ColorExpr></ColorExpr>
    </PrimaryCol>
    <SecondaryCol></SecondaryCol>
    <Alpha>255</Alpha>
  </BkgColor>
  <BkgImageSettings>
    <ImageStyle>
      <StretchMode>IMAGE_NOSTRETCH</StretchMode>
      <ImgFallBack>0</ImgFallBack>
    </ImageStyle>
    <HorizontalAdjust>0</HorizontalAdjust>
    <VerticalAdjust>4</VerticalAdjust>
  </BkgImageSettings>
  <UserPermissions>
    <AddSheetObject>true</AddSheetObject>
    <RemoveSheetObject>true</RemoveSheetObject>
    <MoveSizeSheetObject>true</MoveSizeSheetObject>
    <CopyCloneSheetObject>true</CopyCloneSheetObject>
    <RemoveSheet>true</RemoveSheet>
    <AccessSheetObjectProperties>true</AccessSheetObjectProperties>
    <AccessSheetProperties>true</AccessSheetProperties>
  </UserPermissions>
  <Show></Show>
  <ReadOnly>false</ReadOnly>
  <ColorMap></ColorMap>
  <TabAttr>
    <BgColor>
      <Mode>COLORAREA_SOLID</Mode>
      <Luminosity>85</Luminosity>
      <FillDirection>COLORAREA_HORZ</FillDirection>
      <FillPattern>COLORAREA_PATTERN1</FillPattern>
      <PrimaryCol>
        <Col>
          <Red>248</Red>
          <Green>248</Green>
          <Blue>248</Blue>
          <Alpha>255</Alpha>
        </Col>
        <IsCalculated>false</IsCalculated>
        <ColorExpr></ColorExpr>
      </PrimaryCol>
      <SecondaryCol></SecondaryCol>
      <Alpha>255</Alpha>
    </BgColor>
    <FgColor></FgColor>
    <Mode>1</Mode>
  </TabAttr>
  <OnActivateActionItems></OnActivateActionItems>
  <OnDeactivateActionItems></OnDeactivateActionItems>
  <StateName></StateName>
</SheetProperties>
