﻿<SliderProperties>
  <Layout>
    <Frame>
      <BorderWidth>0</BorderWidth>
      <BorderEffect>FLAT</BorderEffect>
      <Color>
        <Mode>COLORAREA_SOLID</Mode>
        <Luminosity>85</Luminosity>
        <FillDirection>COLORAREA_HORZ</FillDirection>
        <FillPattern>COLORAREA_PATTERN1</FillPattern>
        <PrimaryCol></PrimaryCol>
        <SecondaryCol></SecondaryCol>
        <Alpha>0</Alpha>
      </Color>
      <Font>
        <FontName>Tahoma</FontName>
        <PointSize1000>8000</PointSize1000>
        <Underline>false</Underline>
        <Bold>false</Bold>
        <Italic>false</Italic>
        <DropShadow>false</DropShadow>
      </Font>
      <CaptionFont>
        <FontName>Verdana</FontName>
        <PointSize1000>10000</PointSize1000>
        <Underline>false</Underline>
        <Bold>false</Bold>
        <Italic>false</Italic>
        <DropShadow>false</DropShadow>
      </CaptionFont>
      <Name>
        <v>='Top '&amp;vTopArtista&amp;' '&amp;only( {&lt;_Field={'Artist'}&gt;} $(V_LAN) )</v>
      </Name>
      <Detached>false</Detached>
      <AllowMinimize>false</AllowMinimize>
      <AutoMinimize>false</AutoMinimize>
      <AllowMaximize>false</AllowMaximize>
      <AllowInfo>true</AllowInfo>
      <PrintIcon>false</PrintIcon>
      <CopyIcon>false</CopyIcon>
      <XLIcon>false</XLIcon>
      <SearchIcon>false</SearchIcon>
      <SelectPossibleIcon>false</SelectPossibleIcon>
      <SelectExcludedIcon>false</SelectExcludedIcon>
      <SelectAllIcon>false</SelectAllIcon>
      <ClearIcon>false</ClearIcon>
      <ClearOtherIcon>false</ClearOtherIcon>
      <LockIcon>false</LockIcon>
      <HelpText></HelpText>
      <ObjectId></ObjectId>
      <ShrinkFrameToData>true</ShrinkFrameToData>
      <ShowCaption>true</ShowCaption>
      <MultiLine>0</MultiLine>
      <ActiveBgColor>
        <Mode>COLORAREA_SOLID</Mode>
        <Luminosity>85</Luminosity>
        <FillDirection>COLORAREA_HORZ</FillDirection>
        <FillPattern>COLORAREA_PATTERN1</FillPattern>
        <PrimaryCol>
          <Col>
            <Red>210</Red>
            <Green>210</Green>
            <Blue>210</Blue>
            <Alpha>255</Alpha>
          </Col>
          <IsCalculated>true</IsCalculated>
          <ColorExpr>
            <v>var_bg_color_nav</v>
          </ColorExpr>
        </PrimaryCol>
        <SecondaryCol>
          <Col>
            <Red>153</Red>
            <Green>153</Green>
            <Blue>153</Blue>
            <Alpha>255</Alpha>
          </Col>
          <IsCalculated>false</IsCalculated>
          <ColorExpr></ColorExpr>
        </SecondaryCol>
        <Alpha>255</Alpha>
      </ActiveBgColor>
      <BgColor>
        <Mode>COLORAREA_SOLID</Mode>
        <Luminosity>85</Luminosity>
        <FillDirection>COLORAREA_HORZ</FillDirection>
        <FillPattern>COLORAREA_PATTERN1</FillPattern>
        <PrimaryCol>
          <Col>
            <Red>232</Red>
            <Green>232</Green>
            <Blue>232</Blue>
            <Alpha>255</Alpha>
          </Col>
          <IsCalculated>true</IsCalculated>
          <ColorExpr>
            <v>var_bg_color_nav</v>
          </ColorExpr>
        </PrimaryCol>
        <SecondaryCol>
          <Col>
            <Red>200</Red>
            <Green>200</Green>
            <Blue>200</Blue>
            <Alpha>255</Alpha>
          </Col>
          <IsCalculated>false</IsCalculated>
          <ColorExpr></ColorExpr>
        </SecondaryCol>
        <Alpha>255</Alpha>
      </BgColor>
      <ActiveFgColor>
        <Mode>COLORAREA_SOLID</Mode>
        <Luminosity>85</Luminosity>
        <FillDirection>COLORAREA_HORZ</FillDirection>
        <FillPattern>COLORAREA_PATTERN1</FillPattern>
        <PrimaryCol>
          <Col>
            <Red>54</Red>
            <Green>54</Green>
            <Blue>54</Blue>
            <Alpha>255</Alpha>
          </Col>
          <IsCalculated>true</IsCalculated>
          <ColorExpr>
            <v>var_text_color_nav</v>
          </ColorExpr>
        </PrimaryCol>
        <SecondaryCol></SecondaryCol>
        <Alpha>255</Alpha>
      </ActiveFgColor>
      <FgColor>
        <Mode>COLORAREA_SOLID</Mode>
        <Luminosity>85</Luminosity>
        <FillDirection>COLORAREA_HORZ</FillDirection>
        <FillPattern>COLORAREA_PATTERN1</FillPattern>
        <PrimaryCol>
          <Col>
            <Red>54</Red>
            <Green>54</Green>
            <Blue>54</Blue>
            <Alpha>255</Alpha>
          </Col>
          <IsCalculated>true</IsCalculated>
          <ColorExpr>
            <v>var_text_color_nav</v>
          </ColorExpr>
        </PrimaryCol>
        <SecondaryCol></SecondaryCol>
        <Alpha>255</Alpha>
      </FgColor>
      <FixCorner>true</FixCorner>
      <FixCornerSize>21</FixCornerSize>
      <RelCornerSize>4059000000000000</RelCornerSize>
      <Power>4000000000000000</Power>
      <RoundedShape>false</RoundedShape>
      <EnableTopLeftRounded>true</EnableTopLeftRounded>
      <EnableTopRightRounded>true</EnableTopRightRounded>
      <EnableBottomLeftRounded>true</EnableBottomLeftRounded>
      <EnableBottomRightRounded>true</EnableBottomRightRounded>
      <Light>3FEE666666666666</Light>
      <Dark>3FC3333333333333</Dark>
      <Rainbow>false</Rainbow>
      <TextAdjustHorizontal>0</TextAdjustHorizontal>
      <TextAdjustVertical>4</TextAdjustVertical>
      <Show></Show>
      <AllowMoveSize>false</AllowMoveSize>
      <AllowCopyClone>false</AllowCopyClone>
      <dummy></dummy>
      <CustomObjectGuid enctype="base64"></CustomObjectGuid>
      <CustomObjectProperties enctype="base64"></CustomObjectProperties>
      <ScrollBkgColor>
        <Col>
          <Red>255</Red>
          <Green>255</Green>
          <Blue>255</Blue>
          <Alpha>255</Alpha>
        </Col>
        <IsCalculated>false</IsCalculated>
        <ColorExpr></ColorExpr>
      </ScrollBkgColor>
      <ScrollButtonColor>
        <Col>
          <Red>192</Red>
          <Green>192</Green>
          <Blue>192</Blue>
          <Alpha>255</Alpha>
        </Col>
        <IsCalculated>false</IsCalculated>
        <ColorExpr></ColorExpr>
      </ScrollButtonColor>
      <ScrollStyle>SCROLL_SIX</ScrollStyle>
      <ScrollWidth>38</ScrollWidth>
      <AllowModify>true</AllowModify>
      <CopyImageIcon>false</CopyImageIcon>
      <PreserveScrollPosition>false</PreserveScrollPosition>
      <ShadowIntensity>SHADOW_NONE</ShadowIntensity>
      <OnActivateActionItems></OnActivateActionItems>
      <OnDeactivateActionItems></OnDeactivateActionItems>
      <Extension></Extension>
      <Background>
        <Color>
          <Mode>COLORAREA_SOLID</Mode>
          <Luminosity>85</Luminosity>
          <FillDirection>COLORAREA_HORZ</FillDirection>
          <FillPattern>COLORAREA_PATTERN1</FillPattern>
          <PrimaryCol></PrimaryCol>
          <SecondaryCol></SecondaryCol>
          <Alpha>0</Alpha>
        </Color>
        <ImageBlob enctype="base64"></ImageBlob>
        <ImageLayout></ImageLayout>
        <UseColor>true</UseColor>
        <UseImage>false</UseImage>
      </Background>
      <MenuIcon>false</MenuIcon>
      <ExtendedProperties></ExtendedProperties>
      <ExtendedValues></ExtendedValues>
      <StateName></StateName>
    </Frame>
    <NumberPresentation></NumberPresentation>
    <BkgMode>BKG_SOLID</BkgMode>
    <SliderStyle>SLIDER_SOLID</SliderStyle>
    <Vertical>false</Vertical>
    <ShowScrollButtons>true</ShowScrollButtons>
    <ShowTickMarks>true</ShowTickMarks>
    <ShowTickMarkValues>true</ShowTickMarkValues>
    <TickMarkPosition>0</TickMarkPosition>
    <TickMarkAdjust>0</TickMarkAdjust>
    <SelectionRange>SELRANGE_SINGLE</SelectionRange>
    <ValueMode>VALMODE_CONTINUOUS</ValueMode>
    <FixedRange>false</FixedRange>
    <UseStaticStep>true</UseStaticStep>
    <Step>
      <v>1</v>
    </Step>
    <Min>
      <v>5</v>
    </Min>
    <Max>
      <v>100</v>
    </Max>
    <NumberOfMajorTicks>-1</NumberOfMajorTicks>
    <NumberOfMinorTicks>-1</NumberOfMinorTicks>
    <NumberOfTickLabels>-1</NumberOfTickLabels>
    <SoftLock>true</SoftLock>
    <ShowPopupValues>true</ShowPopupValues>
    <SliderAlpha>255</SliderAlpha>
    <ScaleBkgAlpha>0</ScaleBkgAlpha>
    <TickMarkColor>
      <Mode>COLORAREA_SOLID</Mode>
      <Luminosity>85</Luminosity>
      <FillDirection>COLORAREA_HORZ</FillDirection>
      <FillPattern>COLORAREA_PATTERN1</FillPattern>
      <PrimaryCol>
        <Col>
          <Red>54</Red>
          <Green>54</Green>
          <Blue>54</Blue>
          <Alpha>255</Alpha>
        </Col>
        <IsCalculated>true</IsCalculated>
        <ColorExpr>
          <v>var_spotify_white</v>
        </ColorExpr>
      </PrimaryCol>
      <SecondaryCol></SecondaryCol>
      <Alpha>255</Alpha>
    </TickMarkColor>
    <ScaleBkgColor>
      <Mode>COLORAREA_SOLID</Mode>
      <Luminosity>85</Luminosity>
      <FillDirection>COLORAREA_HORZ</FillDirection>
      <FillPattern>COLORAREA_PATTERN1</FillPattern>
      <PrimaryCol>
        <Col>
          <Red>255</Red>
          <Green>255</Green>
          <Blue>255</Blue>
          <Alpha>255</Alpha>
        </Col>
        <IsCalculated>false</IsCalculated>
        <ColorExpr></ColorExpr>
      </PrimaryCol>
      <SecondaryCol></SecondaryCol>
      <Alpha>0</Alpha>
    </ScaleBkgColor>
    <SliderColor>
      <Mode>COLORAREA_SOLID</Mode>
      <Luminosity>85</Luminosity>
      <FillDirection>COLORAREA_HORZ</FillDirection>
      <FillPattern>COLORAREA_PATTERN1</FillPattern>
      <PrimaryCol>
        <Col>
          <Red>229</Red>
          <Green>229</Green>
          <Blue>229</Blue>
          <Alpha>255</Alpha>
        </Col>
        <IsCalculated>true</IsCalculated>
        <ColorExpr>
          <v>var_spotify_green</v>
        </ColorExpr>
      </PrimaryCol>
      <SecondaryCol></SecondaryCol>
      <Alpha>255</Alpha>
    </SliderColor>
    <ThumbColor>
      <Mode>COLORAREA_SOLID</Mode>
      <Luminosity>85</Luminosity>
      <FillDirection>COLORAREA_HORZ</FillDirection>
      <FillPattern>COLORAREA_PATTERN1</FillPattern>
      <PrimaryCol>
        <Col>
          <Red>105</Red>
          <Green>105</Green>
          <Blue>105</Blue>
          <Alpha>255</Alpha>
        </Col>
        <IsCalculated>true</IsCalculated>
        <ColorExpr>
          <v>var_spotify_white</v>
        </ColorExpr>
      </PrimaryCol>
      <SecondaryCol></SecondaryCol>
      <Alpha>255</Alpha>
    </ThumbColor>
    <RightBtnColor>
      <Mode>COLORAREA_SOLID</Mode>
      <Luminosity>85</Luminosity>
      <FillDirection>COLORAREA_HORZ</FillDirection>
      <FillPattern>COLORAREA_PATTERN1</FillPattern>
      <PrimaryCol>
        <Col>
          <Red>105</Red>
          <Green>105</Green>
          <Blue>105</Blue>
          <Alpha>255</Alpha>
        </Col>
        <IsCalculated>true</IsCalculated>
        <ColorExpr>
          <v>var_spotify_green</v>
        </ColorExpr>
      </PrimaryCol>
      <SecondaryCol></SecondaryCol>
      <Alpha>255</Alpha>
    </RightBtnColor>
    <LeftBtnColor>
      <Mode>COLORAREA_SOLID</Mode>
      <Luminosity>85</Luminosity>
      <FillDirection>COLORAREA_HORZ</FillDirection>
      <FillPattern>COLORAREA_PATTERN1</FillPattern>
      <PrimaryCol>
        <Col>
          <Red>105</Red>
          <Green>105</Green>
          <Blue>105</Blue>
          <Alpha>255</Alpha>
        </Col>
        <IsCalculated>true</IsCalculated>
        <ColorExpr>
          <v>var_spotify_green</v>
        </ColorExpr>
      </PrimaryCol>
      <SecondaryCol></SecondaryCol>
      <Alpha>255</Alpha>
    </LeftBtnColor>
    <LabelOrientation>0</LabelOrientation>
    <InputStyle>INPUT_STYLE_SLIDER</InputStyle>
    <CalendarShowDayNames>false</CalendarShowDayNames>
    <CalendarShowWeekNumbers>false</CalendarShowWeekNumbers>
    <ReadOnly>false</ReadOnly>
  </Layout>
  <PrintSettings></PrintSettings>
  <Name1>
    <Name>vTopArtista</Name>
    <Type>IS_VAR</Type>
  </Name1>
  <Name2>
    <Name>BrokenWeeks</Name>
    <Type>IS_VAR</Type>
  </Name2>
  <SortCriteria></SortCriteria>
</SliderProperties>
