﻿<TopLayout>
  <ZoomLevel>0000000000000000</ZoomLevel>
  <WindowTitle></WindowTitle>
  <TabRowActiveFont>
    <FontName>Arial</FontName>
    <PointSize1000>9000</PointSize1000>
    <Underline>false</Underline>
    <Bold>true</Bold>
    <Italic>false</Italic>
    <DropShadow>false</DropShadow>
  </TabRowActiveFont>
  <TabRowInactiveFont></TabRowInactiveFont>
  <TabRowBgColor>
    <Mode>COLORAREA_SOLID</Mode>
    <Luminosity>85</Luminosity>
    <FillDirection>COLORAREA_HORZ</FillDirection>
    <FillPattern>COLORAREA_PATTERN1</FillPattern>
    <PrimaryCol>
      <Col>
        <Red>223</Red>
        <Green>230</Green>
        <Blue>234</Blue>
        <Alpha>255</Alpha>
      </Col>
      <IsCalculated>true</IsCalculated>
      <ColorExpr>
        <v>var_text_color_nav_destak</v>
      </ColorExpr>
    </PrimaryCol>
    <SecondaryCol></SecondaryCol>
    <Alpha>255</Alpha>
  </TabRowBgColor>
  <BkgColor>
    <Mode>COLORAREA_SOLID</Mode>
    <Luminosity>85</Luminosity>
    <FillDirection>COLORAREA_HORZ</FillDirection>
    <FillPattern>COLORAREA_PATTERN1</FillPattern>
    <PrimaryCol>
      <Col>
        <Red>248</Red>
        <Green>248</Green>
        <Blue>248</Blue>
        <Alpha>255</Alpha>
      </Col>
      <IsCalculated>true</IsCalculated>
      <ColorExpr>
        <v>var_bg_default</v>
      </ColorExpr>
    </PrimaryCol>
    <SecondaryCol></SecondaryCol>
    <Alpha>255</Alpha>
  </BkgColor>
  <ShowTabRow>false</ShowTabRow>
  <BkgImageSettings>
    <ImageStyle>
      <StretchMode>IMAGE_NOSTRETCH</StretchMode>
      <ImgFallBack>0</ImgFallBack>
    </ImageStyle>
    <HorizontalAdjust>0</HorizontalAdjust>
    <VerticalAdjust>4</VerticalAdjust>
  </BkgImageSettings>
  <UseBkgImage>false</UseBkgImage>
  <UseWallpaperColor>true</UseWallpaperColor>
  <WallpaperPic enctype="base64"></WallpaperPic>
  <TabrowStyle>TRS_AIR</TabrowStyle>
  <AllowServerSheets>true</AllowServerSheets>
</TopLayout>
